ROI,ROISize,LocalizerSize,LocalizerIntersubjectOverlap
49,370,37,1.000000
50,743,74,1.000000
51,462,46,1.000000
52,1627,162,1.000000
53,2948,294,1.000000
